ID_ereuniti,Onoma_ereuniti,Epitheto_ereuniti,Fyllo_ereuniti,Hmerominia_gennisis_ereuniti,Hlikia_ereuniti,Hmerominia_ypallikis_sxesis,ID_organismou
1,Maria,Aggelopoulou,Female,14-11-98,24,14-02-22,1
2,Darcy,Laflin,Female,21-11-99,41,01-07-21,2
3,Giustina,Cluelow,Female,11-08-77,54,14-04-19,3
4,Caro,Tearle,Female,15-07-84,29,16-11-19,4
5,Ferdie,Hyland,Male,25-10-69,28,11-03-13,5
6,Alfred,Kelberman,Male,15-10-93,33,04-09-12,6
7,Grant,Pallin,Male,17-06-80,33,16-06-15,7
8,Curcio,Swyne,Male,24-06-80,39,07-03-15,8
9,Leone,Wontner,Female,16-08-71,47,16-09-11,9
10,Cariotta,Debrick,Female,24-05-98,41,19-02-14,10
11,Clara,Kornilov,Female,27-04-67,59,30-03-13,11
12,Diannne,Woodhead,Female,13-07-65,21,09-08-15,12
13,Celestyn,Braidwood,Female,05-06-92,40,28-10-13,13
14,Beryl,Hain,Female,07-01-97,45,22-10-11,14
15,Bartholemy,Twinbrow,Non-binary,26-11-79,30,29-04-14,15
16,Gaynor,Taunton.,Female,13-04-76,43,28-04-21,16
17,Patricia,Lettson,Female,24-01-65,56,04-12-17,17
18,Andrea,Lovat,Male,01-10-00,54,27-12-12,18
19,Seward,Guyonneau,Male,05-06-77,57,18-12-14,19
20,Doralin,Helsdon,Female,23-01-77,47,01-08-11,20
21,Gilbertine,Harman,Female,24-05-64,28,21-03-16,21
22,Sloane,Sherland,Male,07-08-00,26,27-02-12,22
23,Wald,Rooksby,Male,11-12-70,30,09-08-20,23
24,Brook,McKevin,Male,30-07-68,66,14-11-11,24
25,Lind,Costanza,Male,03-03-86,24,31-01-22,25
26,Maria,Griss,Female,05-08-60,41,18-03-12,26
27,Rafaello,Britner,Male,15-08-76,63,18-06-21,27
28,Terry,Bargery,Male,01-09-73,18,13-05-19,28
29,Lindsay,MacNeil,Female,26-05-70,55,01-02-20,29
30,Dagny,Tidy,Bigender,13-04-73,56,14-01-21,30
31,Marty,Woodburne,Male,14-05-82,56,14-01-15,31
32,Ethelda,Alp,Female,26-10-70,57,14-11-10,32
33,Brenna,Cocke,Female,29-09-88,56,21-11-14,33
34,Myrtice,Hymor,Female,09-07-62,46,12-08-15,34
35,Sergeant,Alesi,Male,21-12-75,45,05-02-15,35
36,Rubetta,Belvin,Female,25-05-78,52,24-11-16,36
37,Estel,MacDowall,Female,20-11-88,19,12-07-20,37
38,Clarey,Sifleet,Female,08-10-78,67,04-10-21,38
39,Magda,Callinan,Female,31-08-72,51,04-08-19,39
40,Evita,Ilewicz,Bigender,27-05-71,63,05-08-13,40
41,Noami,Newlove,Female,04-04-70,66,21-02-14,1
42,Ilyssa,Esom,Agender,02-03-90,24,12-06-14,2
43,Blakeley,Hayley,Female,25-11-62,56,29-06-21,3
44,Ardra,Gumbley,Non-binary,03-02-81,51,01-12-11,4
45,Dodie,Skegg,Female,20-01-76,27,13-02-17,5
46,Melita,Coil,Female,24-09-88,51,19-09-10,6
47,Reinald,Burnand,Male,18-01-92,27,13-03-13,7
48,Letti,Hawkridge,Non-binary,21-02-77,29,09-12-14,8
49,Hadley,Hoyer,Male,25-03-95,56,24-11-10,9
50,Dorian,Embra,Female,12-06-98,67,10-05-14,10
51,Rebekah,De Bischof,Female,09-03-99,28,10-11-21,11
52,Hadley,Banker,Male,10-07-66,35,27-06-15,12
53,Ches,Payton,Male,30-03-76,32,17-08-13,13
54,Cariotta,Milland,Female,11-12-00,37,19-06-21,14
55,Almeda,Shade,Female,31-05-78,53,06-07-15,15
56,Koenraad,Bawle,Male,06-05-78,38,03-11-15,16
57,Lief,Fazan,Male,20-09-97,28,17-04-17,17
58,Dari,Want,Agender,19-03-63,55,09-07-15,18
59,Paco,Leall,Male,09-07-01,43,01-12-14,19
60,Mahmoud,Punshon,Genderqueer,04-12-01,56,05-01-14,20
61,Bruce,Ortner,Male,14-06-84,54,20-11-10,21
62,Rad,Culp,Male,17-07-00,61,05-07-21,22
63,Erin,Goodburn,Male,30-04-98,21,26-09-16,23
64,Teressa,Cahen,Female,23-12-89,43,27-12-11,24
65,Jaine,Macy,Female,23-06-02,58,17-04-14,25
66,Brigitta,Marvin,Female,23-07-60,29,04-05-15,26
67,Staci,Van Der Walt,Female,24-12-69,38,19-03-15,27
68,Elke,de Courcy,Bigender,10-03-88,48,13-04-18,28
69,Walton,Dudley,Male,02-04-87,40,27-02-14,29
70,Nolan,Forde,Male,14-01-77,57,06-03-22,30
71,Hyatt,Bushby,Male,03-12-77,38,05-03-13,31
72,Frasier,Minihane,Male,06-10-84,33,16-11-18,32
73,Ulla,Sked,Female,24-08-72,31,10-05-16,33
74,Mylo,Sterzaker,Male,02-01-92,31,05-07-13,34
75,Tamara,Coytes,Female,25-10-95,59,29-09-13,35
76,Sybille,Mellhuish,Female,29-05-81,37,19-10-21,36
77,Babb,Kerwood,Female,25-10-99,60,07-04-22,37
78,Ash,Denkin,Male,24-01-65,23,17-10-10,38
79,Feliks,Christoffels,Agender,15-03-88,31,02-08-15,39
80,Kit,Azemar,Female,27-09-86,33,15-05-15,40
81,Hinze,Kilfoyle,Male,20-11-87,19,01-06-21,1
82,Correna,Ogilvie,Female,08-03-90,18,07-10-17,2
83,Jonas,McLise,Male,02-10-71,23,15-05-11,3
84,Joane,Newbold,Female,25-10-99,20,29-11-15,4
85,Brent,Van der Spohr,Genderqueer,24-11-91,22,13-11-19,5
86,Mollee,Teather,Female,26-02-89,48,15-01-20,6
87,Ansell,Goodey,Male,16-07-95,67,28-11-14,7
88,Worthy,McCooke,Male,02-06-61,40,14-12-21,8
89,Edmon,Battams,Male,04-08-01,51,26-06-15,9
90,Alfredo,Blasing,Male,11-05-84,23,07-05-12,10
91,Wernher,Costin,Male,17-08-87,65,11-09-15,11
92,Deloria,Blanc,Female,14-03-61,52,18-12-19,12
93,Faustine,Kaes,Female,08-04-69,66,02-05-22,13
94,Francisca,Bonefant,Female,08-12-62,37,02-03-20,14
95,Shaylah,Garralts,Female,10-04-69,31,19-09-14,15
96,De,Muckloe,Female,24-01-91,51,23-09-20,16
97,Alain,Bride,Male,13-03-89,40,21-01-19,17
98,Nikki,Bearcock,Male,10-11-72,55,15-09-16,18
99,Christie,Ranstead,Female,25-11-93,57,05-01-22,19
100,Eleanore,Rabier,Female,25-05-73,18,10-08-17,20
101,Dame,Doyland,Male,01-09-90,41,15-09-12,21
102,Mil,Sorton,Female,25-01-95,26,14-10-12,22
103,Homerus,Tramel,Male,15-01-72,34,18-10-11,23
104,Karlen,Bowlas,Female,28-09-85,62,18-04-12,24
105,Barri,Gorstidge,Male,09-01-02,37,05-05-20,25
106,Raf,Comino,Female,15-02-79,52,19-03-18,26
107,Thayne,Paffley,Male,25-05-85,39,05-03-20,27
108,Mathias,Greenroa,Male,31-05-84,48,29-07-17,28
109,Nanny,Coxhell,Female,26-06-02,19,10-12-11,29
110,Holden,Staples,Male,23-07-79,66,21-05-19,30
