ID_programma,Onoma_programma,Dieuthinsi_programma
1,Onoma_programma 1 ,Dieuthinsi_programma 1
2,Onoma_programma 2,Dieuthinsi_programma 2
3,Onoma_programma 3,Dieuthinsi_programma 3
4,Onoma_programma 4,Dieuthinsi_programma 4
5,Onoma_programma 5,Dieuthinsi_programma 5
6,Onoma_programma 6,Dieuthinsi_programma 6 
7,Onoma_programma 7,Dieuthinsi_programma 7
8,Onoma_programma 8,Dieuthinsi_programma 8
9,Onoma_programma 9,Dieuthinsi_programma 9
10,Onoma_programma 10,Dieuthinsi_programma 10
11,Onoma_programma 11,Dieuthinsi_programma 11
12,Onoma_programma 12,Dieuthinsi_programma 12
13,Onoma_programma 13,Dieuthinsi_programma 13
14,Onoma_programma 14,Dieuthinsi_programma 14
15,Onoma_programma 15,Dieuthinsi_programma 15
16,Onoma_programma 16,Dieuthinsi_programma 16
17,Onoma_programma 17,Dieuthinsi_programma 17
18,Onoma_programma 18,Dieuthinsi_programma 18
19,Onoma_programma 19,Dieuthinsi_programma 19
20,Onoma_programma 20,Dieuthinsi_programma 20
21,Onoma_programma 21,Dieuthinsi_programma 21
22,Onoma_programma 22,Dieuthinsi_programma 22
23,Onoma_programma 23,Dieuthinsi_programma 23
24,Onoma_programma 24,Dieuthinsi_programma 24
25,Onoma_programma 25,Dieuthinsi_programma 25
26,Onoma_programma 26 ,Dieuthinsi_programma 26
27,Onoma_programma 27,Dieuthinsi_programma 27
28,Onoma_programma 28,Dieuthinsi_programma 28
29,Onoma_programma 29,Dieuthinsi_programma 29
30,Onoma_programma 30,Dieuthinsi_programma 30
31,Onoma_programma 31,Dieuthinsi_programma 31
32,Onoma_programma 32,Dieuthinsi_programma 32
33,Onoma_programma 33,Dieuthinsi_programma 33
34,Onoma_programma 34,Dieuthinsi_programma 34
35,Onoma_programma 35,Dieuthinsi_programma 35
