ID_paradoteo,Titlos_paradoteou,ID_ergou,perilipsi_paradoteou,Hmerominia_paradosis_paradoteou
1,Titlos_paradoteou_1,2,sem duis aliquam convallis nunc proin at turpis a pede posuere nonummy integer non velit donec diam,25-03-22
2,Titlos_paradoteou_2,2,felis eu sapien cursus vestibulum proin eu mi nulla ac enim in tempor,17-07-21
3,Titlos_paradoteou_3,3,ligula suspendisse ornare consequat lectus in est risus auctor sed tristique in tempus sit amet sem,07-12-20
4,Titlos_paradoteou_4,4,quis turpis eget elit sodales scelerisque mauris sit amet eros suspendisse accumsan tortor quis turpis sed ante,13-11-20
5,Titlos_paradoteou_5,5,vel augue vestibulum rutrum rutrum neque aenean auctor gravida sem praesent id massa id nisl,09-08-21
6,Titlos_paradoteou_6,50,rhoncus aliquam lacus morbi quis tortor id nulla ultrices aliquet maecenas leo odio condimentum id luctus nec,11-08-20
7,Titlos_paradoteou_7,49,nulla nunc purus phasellus in felis donec semper sapien a libero nam dui proin,01-02-22
8,Titlos_paradoteou_8,8,erat fermentum justo nec condimentum neque sapien placerat ante nulla justo aliquam quis turpis,02-05-21
9,Titlos_paradoteou_9,48,etiam justo etiam pretium iaculis justo in hac habitasse platea dictumst etiam faucibus cursus,08-06-21
10,Titlos_paradoteou_10,47,elementum pellentesque quisque porta volutpat erat quisque erat eros viverra eget congue eget semper rutrum nulla nunc,07-10-20
11,Titlos_paradoteou_11,11,eget eros elementum pellentesque quisque porta volutpat erat quisque erat eros viverra eget congue eget semper rutrum nulla,30-01-21
12,Titlos_paradoteou_12,12,vulputate elementum nullam varius nulla facilisi cras non velit nec,22-01-21
13,Titlos_paradoteou_13,13,faucibus orci luctus et ultrices posuere cubilia curae donec pharetra magna vestibulum aliquet,05-09-21
14,Titlos_paradoteou_14,46,in lectus pellentesque at nulla suspendisse potenti cras in purus eu magna vulputate luctus cum sociis natoque penatibus et magnis,26-11-21
15,Titlos_paradoteou_15,45,est donec odio justo sollicitudin ut suscipit a feugiat et eros vestibulum ac est,10-06-20
16,Titlos_paradoteou_16,42,mauris eget massa tempor convallis nulla neque libero convallis eget eleifend luctus ultricies,03-05-21
17,Titlos_paradoteou_17,44,vestibulum proin eu mi nulla ac enim in tempor turpis nec,03-03-22
18,Titlos_paradoteou_18,42,diam erat fermentum justo nec condimentum neque sapien placerat ante nulla justo aliquam quis turpis eget elit sodales scelerisque mauris,22-09-21
19,Titlos_paradoteou_19,19,suspendisse potenti cras in purus eu magna vulputate luctus cum sociis natoque penatibus et magnis dis parturient montes nascetur ridiculus,12-09-21
20,Titlos_paradoteou_20,20,aliquet at feugiat non pretium quis lectus suspendisse potenti in eleifend quam,12-05-21
21,Titlos_paradoteou_21,21,accumsan odio curabitur convallis duis consequat dui nec nisi volutpat eleifend donec ut dolor morbi vel,04-02-21
22,Titlos_paradoteou_22,41,diam vitae quam suspendisse potenti nullam porttitor lacus at turpis donec posuere metus vitae ipsum aliquam non mauris,16-04-22
23,Titlos_paradoteou_23,23,posuere nonummy integer non velit donec diam neque vestibulum eget vulputate ut ultrices vel,04-06-21
24,Titlos_paradoteou_24,24,adipiscing elit proin interdum mauris non ligula pellentesque ultrices phasellus id sapien in sapien iaculis congue vivamus,17-12-21
25,Titlos_paradoteou_25,25,condimentum neque sapien placerat ante nulla justo aliquam quis turpis eget elit sodales scelerisque mauris sit amet eros suspendisse accumsan,14-04-21
26,Titlos_paradoteou_26,26,interdum in ante vestibulum ante ipsum primis in faucibus orci luctus et ultrices posuere cubilia curae duis faucibus,10-06-21
27,Titlos_paradoteou_27,27,metus vitae ipsum aliquam non mauris morbi non lectus aliquam sit,12-10-20
28,Titlos_paradoteou_28,28,urna pretium nisl ut volutpat sapien arcu sed augue aliquam erat volutpat in congue etiam justo etiam pretium,07-10-21
29,Titlos_paradoteou_29,29,amet eleifend pede libero quis orci nullam molestie nibh in lectus pellentesque at nulla suspendisse potenti cras in purus,25-02-22
30,Titlos_paradoteou_30,30,massa donec dapibus duis at velit eu est congue elementum,26-04-21
31,Titlos_paradoteou_31,31,quisque id justo sit amet sapien dignissim vestibulum vestibulum ante ipsum primis in faucibus orci luctus et,02-04-22
32,Titlos_paradoteou_32,32,amet nunc viverra dapibus nulla suscipit ligula in lacus curabitur at ipsum,03-11-21
33,Titlos_paradoteou_33,33,potenti cras in purus eu magna vulputate luctus cum sociis natoque penatibus et magnis dis,22-08-20
34,Titlos_paradoteou_34,34,sed nisl nunc rhoncus dui vel sem sed sagittis nam congue risus semper porta volutpat,09-08-21
35,Titlos_paradoteou_35,35,blandit non interdum in ante vestibulum ante ipsum primis in faucibus orci luctus et,21-09-20
36,Titlos_paradoteou_36,36,nisi vulputate nonummy maecenas tincidunt lacus at velit vivamus vel,24-04-22
37,Titlos_paradoteou_37,37,orci vehicula condimentum curabitur in libero ut massa volutpat convallis morbi odio odio,31-12-20
38,Titlos_paradoteou_38,38,vestibulum ac est lacinia nisi venenatis tristique fusce congue diam id ornare,21-08-20
39,Titlos_paradoteou_39,39,habitasse platea dictumst maecenas ut massa quis augue luctus tincidunt,11-12-21
40,Titlos_paradoteou_40,40,condimentum curabitur in libero ut massa volutpat convallis morbi odio odio elementum eu,10-12-21
